{
    "BLEU1": 0.5535795713634291,
    "BLEU2": 0.3272195939044241
}