{
    "BLEU1": 0.5875060182956187,
    "BLEU2": 0.3418001614939275
}